[
  {
    "id": 10001,
    "code": "ZAIN-010001-097",
    "planId": 101,
    "status": "ready"
  },
  {
    "id": 10002,
    "code": "ZAIN-010002-194",
    "planId": 101,
    "status": "ready"
  },
  {
    "id": 10003,
    "code": "ZAIN-010003-291",
    "planId": 101,
    "status": "ready"
  },
  {
    "id": 10004,
    "code": "ZAIN-010004-388",
    "planId": 101,
    "status": "ready"
  },
  {
    "id": 10005,
    "code": "ZAIN-010005-485",
    "planId": 101,
    "status": "sold"
  },
  {
    "id": 10006,
    "code": "ZAIN-010006-582",
    "planId": 101,
    "status": "error"
  },
  {
    "id": 10007,
    "code": "ASIACELL-010007-679",
    "planId": 102,
    "status": "ready"
  },
  {
    "id": 10008,
    "code": "ASIACELL-010008-776",
    "planId": 102,
    "status": "ready"
  },
  {
    "id": 10009,
    "code": "ASIACELL-010009-873",
    "planId": 102,
    "status": "ready"
  },
  {
    "id": 10010,
    "code": "ASIACELL-010010-970",
    "planId": 102,
    "status": "ready"
  },
  {
    "id": 10011,
    "code": "ASIACELL-010011-067",
    "planId": 102,
    "status": "sold"
  },
  {
    "id": 10012,
    "code": "ASIACELL-010012-164",
    "planId": 102,
    "status": "error"
  },
  {
    "id": 10013,
    "code": "STEAM-010013-261",
    "planId": 103,
    "status": "ready"
  },
  {
    "id": 10014,
    "code": "STEAM-010014-358",
    "planId": 103,
    "status": "ready"
  },
  {
    "id": 10015,
    "code": "STEAM-010015-455",
    "planId": 103,
    "status": "ready"
  },
  {
    "id": 10016,
    "code": "STEAM-010016-552",
    "planId": 103,
    "status": "ready"
  },
  {
    "id": 10017,
    "code": "STEAM-010017-649",
    "planId": 103,
    "status": "sold"
  },
  {
    "id": 10018,
    "code": "STEAM-010018-746",
    "planId": 103,
    "status": "error"
  },
  {
    "id": 10019,
    "code": "PUBG-010019-843",
    "planId": 104,
    "status": "ready"
  },
  {
    "id": 10020,
    "code": "PUBG-010020-940",
    "planId": 104,
    "status": "ready"
  },
  {
    "id": 10021,
    "code": "PUBG-010021-037",
    "planId": 104,
    "status": "ready"
  },
  {
    "id": 10022,
    "code": "PUBG-010022-134",
    "planId": 104,
    "status": "ready"
  },
  {
    "id": 10023,
    "code": "PUBG-010023-231",
    "planId": 104,
    "status": "sold"
  },
  {
    "id": 10024,
    "code": "PUBG-010024-328",
    "planId": 104,
    "status": "error"
  },
  {
    "id": 10025,
    "code": "GOOGLE-010025-425",
    "planId": 105,
    "status": "ready"
  },
  {
    "id": 10026,
    "code": "GOOGLE-010026-522",
    "planId": 105,
    "status": "ready"
  },
  {
    "id": 10027,
    "code": "GOOGLE-010027-619",
    "planId": 105,
    "status": "ready"
  },
  {
    "id": 10028,
    "code": "GOOGLE-010028-716",
    "planId": 105,
    "status": "ready"
  },
  {
    "id": 10029,
    "code": "GOOGLE-010029-813",
    "planId": 105,
    "status": "sold"
  },
  {
    "id": 10030,
    "code": "GOOGLE-010030-910",
    "planId": 105,
    "status": "error"
  }
]